{"type":"footer","name":"Footer Group","sections":{"cross-page-promos":{"type":"cross-page-promos","blocks":{"1478526632862":{"type":"icon","settings":{"icon":"plane","text":"FREE SHIPPING AUSTRALIA","link_url":""}},"1478526645605":{"type":"icon","settings":{"icon":"check_mark_in_circle","text":"LIFETIME COLOR WARRANTY","link_url":""}},"1478526647261":{"type":"icon","settings":{"icon":"star","text":"WATERPROOF JEWELRY","link_url":""}}},"block_order":["1478526632862","1478526645605","1478526647261"],"disabled":true,"settings":{"cross_page_promo_bg":"#f7f7f7","cross_page_promo_color":"#000000","show_on_home_page":true}},"footer":{"type":"footer","blocks":{"1601308717434":{"type":"text","settings":{"title":"ABOUT US","text":"<p>Junéa offers elegant, high-quality jewellery designed for effortless mixing and matching. Elevate your style with timeless pieces made to shine with you.<\/p><p><strong>Need to get in touch?<\/strong><\/p><p>We are available 24\/7 at <br\/><a href=\"mailto:info@juneajewellery.com\" title=\"mailto:info@juneajewellery.com\">info@juneajewellery.com<\/a><\/p>","image_width":150,"show_social_icons":true,"soc_icons_large":false,"enable_follow_on_shop":false}},"menu_gmwMbW":{"type":"menu","settings":{"title":"Shop","menu":"main-menu"}},"1601308671932":{"type":"menu","settings":{"title":"Help","menu":"customer-support"}},"1601308656020":{"type":"newsletter","settings":{"title":"Join the Junéa Girls","text":"<p>Join our VIP list for a chance to win <strong>FREE jewellery every week!<\/strong> Plus, get exclusive access to new drops and special offers.<\/p>","button_style":"primary","show_social_icons":false,"soc_icons_large":false}}},"block_order":["1601308717434","menu_gmwMbW","1601308671932","1601308656020"],"settings":{"lower_menu":"second-headermenu","show_powered_by":false,"show_payment_icons":true,"enable_country_selector":false,"enable_language_selector":false}}},"order":["cross-page-promos","footer"]}