{"type":"header","name":"Header Group","sections":{"announcement-bar":{"type":"announcement-bar","blocks":{"announcement-2":{"type":"announcement","settings":{"text":"<strong>APRIL SALE: BUY 2, GET 1 FREE<\/strong>","show_countdown":false,"hide_on_end":false,"end_date":"","end_time":"","number_font":"base","countdown_separator":"space","use_custom_colors":false,"bg_color":"#f4f6f8","bg_gradient":"","text_color":"#4c4c4b"}}},"block_order":["announcement-2"],"settings":{"message_font_size":14,"announcement_bar_col":"#f0ece4","announcement_bar_gradient":"","announcement_text_col":"#000000","show_social_icons":true,"menu":"","enable_country_selector":true,"enable_language_selector":true}},"store-messages":{"type":"store-messages","blocks":{"1601308104445":{"type":"message","settings":{"heading":"","subheading":" Free Shipping in Australia","link_url":""}}},"block_order":["1601308104445"],"settings":{"head_not_home_only":false,"head_not_col_bg":"#1c1c1c","head_not_col_txt1":"#ffffff","head_not_col_txt2":"#ffffff","head_not_mob_show":true,"head_not_mob_text":" Free Shipping in Australia","head_not_mob_url":""}},"header":{"type":"header","custom_css":[".navigation--main {margin-top: -15px;}"],"settings":{"logo":"shopify:\/\/shop_images\/SVG_JUNEA_LOGO.svg","logo_img_width_int":115,"mobile_logo_img_width_int":100,"logo_h1":true,"enable_sticky":true,"enable_transparent":false,"transparent_color":"#ffffff","menu_linklist":"main-menu","menu_layout":"underneath","nav_featured_link":"Sale","menu_linklist_mobile":"","mobile_expand_with_entire_link":true,"enable_mobile_promo_carousel":true,"enable_nav_mob_products":false,"nav_mob_products_title":"Best Sellers","nav_mob_products_collection":"","enable_search":true,"search_recommendations_title":"","search_recommendations_menu":"","icon_strategy":"icons_only","cart_icon":"bag"}}},"order":["announcement-bar","store-messages","header"]}