{"type":"aside","name":"Overlay Group","sections":{"cart-drawer":{"type":"cart-drawer","settings":{"show_order_note":false,"show_tax_and_shipping":false,"enable_direct_cart":true,"cart_terms_page":"","show_backorder_text":false,"show_inventory_notice":"low","show_inventory_count":"low","inventory_threshold":10,"show_announcement":false,"announcement_position":"above-items","announcement_text":"Cart announcement text","announcement_icon":"box","announcement_icon_size":"small","announcement_enable_box":true,"announcement_box_color":"#e0f4d5","empty_icon":"basket","empty_heading":"Your cart is empty","empty_text":"","empty_button_text":"Start shopping","empty_button_link":"shopify:\/\/collections\/all","empty_button_style":"primary","empty_enable_custom_colors":false,"empty_color_background":"","empty_color_background_gradient":"","empty_color_text":"","enable_cross_sells":true,"cross_sell_title":"You may like","cross_sell_products":[],"enable_automatic_cross_sells":true,"croll_sell_color_scheme":"1"}},"pop-up":{"type":"pop-up","blocks":{"image_HWWijD":{"type":"image","settings":{"image":"shopify:\/\/shop_images\/juneajewelry6.jpg","image_position_desktop":"right","image_position_mobile":"top"}},"heading":{"type":"heading","settings":{"heading":"Win Free Jewellery Every Friday!","heading_size":"h4"}},"text":{"type":"text","settings":{"text":"<p>Join our VIP list for a chance to win <strong>FREE jewellery every week!<\/strong> Plus, get exclusive access to new drops and special offers.<\/p><p><strong>Enter your email below to join Free Jewellery Friday!<\/strong><\/p>","text_size":""}},"newsletter-signup":{"type":"newsletter-signup","settings":{"button_style":"primary"}}},"block_order":["image_HWWijD","heading","text","newsletter-signup"],"settings":{"trigger":"exit","delay":5,"show_to_guests_only":true,"show_on_mobile":true,"dismiss_days":30,"position":"justify-center items-center","text_align":"text-center","heading_color":"#070707","text_color":"#070707","bg_color":"#ffffff","bg_grad":"","tint_opacity":0}}},"order":["cart-drawer","pop-up"]}