{"sections":{"main":{"type":"main-collection","settings":{"show_title":false,"show_image_behind_heading":true,"heading_image_height":"medium","overlay_style":"shadow","coll_desc_pos":"above","coll_num_per_page_int":24,"grid":4,"show_vendor":false,"show_total":true,"enable_filtering":false,"collapse_tag_sidebar_by_default":false,"collapse_filters_method":"over-12","show_filter_counts":true,"filter_two_columns":false,"button_grid_filter_name":"Size,Taille,Größe","auto_apply_hide_unavailable":false,"enable_sticky_filter":true,"show_sort":false,"sort_show_featured":false,"sort_show_best":true,"sort_show_alpha":true,"sort_show_price":true,"sort_show_date":true,"related_collections":[],"related_collections_style":"buttons","rel_coll_gall_aspect_ratio":"1","image_position":"center center","rel_coll_gall_enable_margin":true,"rel_coll_gall_full_width":true,"rel_coll_gall_overlay_style":"shadow","rel_coll_gall_text_alignment":"center center","rel_coll_grid_mobile":"2"}},"rich_text_XRcDDc":{"type":"rich-text","blocks":{"subheading_NCiWHj":{"type":"subheading","settings":{"subheading":"OUR CUSTOMERS LOVE US"}},"heading_3r4iBL":{"type":"heading","settings":{"title":"“Junéa exceeds all expectations! I feel elegant and sophisticated wearing their pieces.”","use_h1":false}},"text_McGKmT":{"type":"text","settings":{"text":"<h5>@juneajewellery<\/h5>","enlarge_text":true}},"image_MMdWiK":{"type":"image","disabled":true,"settings":{"image":"shopify:\/\/shop_images\/Icon_Logo_Junea.svg","image_width":60,"url":""}}},"block_order":["subheading_NCiWHj","heading_3r4iBL","text_McGKmT","image_MMdWiK"],"settings":{"height":"medium","text_alignment":"center","full_width":false,"color_scheme":"default"}},"1741819442fd4ed815":{"type":"apps","blocks":{"essential_grid_gallery_app_block_6fh4yn":{"type":"shopify:\/\/apps\/essential-grid-gallery\/blocks\/app-block\/b252af1e-c43a-4272-b19c-e87bc447c686","settings":{"eg_grid_metakey":1,"eg_grid_dynamic_metakey":"","eg_grid_heading":"","eg_grid_sub_heading":"","eg_grid_heading_size":30,"eg_grid_sub_heading_size":15,"eg_grid_heading_alignment":"center","eg_grid_sec_back_color":"","eg_grid_sec_front_color":"","eg_grid_sec_sub_heading_color":"","eg_grid_sec_pad_top":0,"eg_grid_sec_pad_bot":0}}},"block_order":["essential_grid_gallery_app_block_6fh4yn"],"settings":{"full_width":false,"show_space":true}}},"order":["main","rich_text_XRcDDc","1741819442fd4ed815"]}