{"sections":{"16359276425da8ce46":{"type":"slideshow","blocks":{"16359276425da8ce46-0":{"type":"image","settings":{"image":"shopify:\/\/shop_images\/Frame_1_fc4a4e44-2a2c-4957-85b7-742e804adf66.png","mobile_image":"shopify:\/\/shop_images\/Frame_2_871a81f8-fba0-4e1a-969a-71fd3f8d1134.png","slide_link":"shopify:\/\/collections\/hot-picks","subheading":"","title":"","heading_max_width":15,"title_size":84,"title_size_mobile":46,"use_h1":false,"text":"","enlarge_text":false,"button_label_1":"","button_url_1":"shopify:\/\/collections","button_label_2":"","button_url_2":"shopify:\/\/collections","text_alignment":"center center"}}},"block_order":["16359276425da8ce46-0"],"settings":{"height":"adapt","height_desktop":600,"height_mobile":460,"full_width":true,"mobile_overlay_under":false,"overlay_style":"no_background","transition":"fade","navigation":"arrows","autoplay":true,"autoplay_speed":7,"accessibility_info":""}},"gallery_Yrhjdy":{"type":"gallery","blocks":{"media_GhGnFz":{"type":"media","settings":{"image":"shopify:\/\/shop_images\/25.png","enlarge_media":false,"subheading":"","title":"Necklaces","button_label":"SHOP NOW","link":"shopify:\/\/collections\/necklaces","text_alignment":"bottom left"}},"media_A3QxYT":{"type":"media","settings":{"image":"shopify:\/\/shop_images\/19.png","enlarge_media":false,"subheading":"","title":"Bracelets","button_label":"SHOP NOW","link":"shopify:\/\/collections\/bracelets","text_alignment":"bottom left"}},"media_G6xMEJ":{"type":"media","settings":{"image":"shopify:\/\/shop_images\/2_b9a09a0d-65d0-40ec-b614-933e944adb30.png","enlarge_media":false,"subheading":"","title":"Earrings","button_label":"SHOP NOW","link":"shopify:\/\/collections\/earrings","text_alignment":"bottom left"}},"media_L4p4jM":{"type":"media","settings":{"image":"shopify:\/\/shop_images\/17.png","enlarge_media":false,"subheading":"","title":"Rings","button_label":"SHOP NOW","link":"shopify:\/\/collections\/rings","text_alignment":"bottom left"}}},"block_order":["media_GhGnFz","media_A3QxYT","media_G6xMEJ","media_L4p4jM"],"settings":{"grid_desktop":4,"grid_mobile":"1","height":"fixed","desktop_image_height":460,"mobile_image_height":400,"title_size":30,"title_size_mobile":22,"enable_margin":true,"enable_row_spacing":true,"full_width":true,"color_scheme":"default","enable_carousel":true,"overlay_style":"full","button_style":"link"}},"16359278676808bea5":{"type":"featured-collection","settings":{"title":"HOT PICKS","collection":"hot-picks","show_vendor":false,"enable_carousel":false,"grid":4,"rows":2,"color_scheme":"default","show_view_all":true,"full_width":true}},"custom_liquid_p7YHGc":{"type":"custom-liquid","settings":{"full_width":true,"show_space":true,"code":"<div style=\"text-align: center; margin-top: -50px !important;\">\n  <a href=\"\/collections\/hot-picks\" \n     style=\"display: inline-block; \n            background-color: black; \n            color: white; \n            text-decoration: none; \n            padding: 12px 24px; \n            font-size: 16px; \n            font-weight: bold; \n            border-radius: 5px; \n            margin-bottom: 5px;\">\n    SHOP ALL OUR BESTSELLERS\n  <\/a>\n<\/div>\n\n<p style=\"text-align: center; \n          font-size: 12px; \n          color: #000; \n          margin-top: 2px !important;\">\n  Free Shipping in Australia\n<\/p>"}},"image_with_text_overlay_kpz3xT":{"type":"image-with-text-overlay","settings":{"image":"shopify:\/\/shop_images\/Frame_3.png","mobile_image":"shopify:\/\/shop_images\/Frame_9.png","height":"adapt","height_desktop":600,"height_mobile":460,"image_link":"shopify:\/\/collections\/hot-picks","full_width":true,"text_alignment":"center center","mobile_overlay_under":false,"overlay_style":"no_background"}},"1635927863703110df":{"type":"rich-text","blocks":{"1635927863703110df-2":{"type":"text","settings":{"text":"<h3>JUNÉA'S <strong>MISSION<\/strong><\/h3><p>Everyone deserves to wear Jewellry. We allow you to elevate your style with High quality pieces, without overpaying.\u2028<\/p>","enlarge_text":true}}},"block_order":["1635927863703110df-2"],"disabled":true,"settings":{"height":"medium","text_alignment":"center","full_width":false,"color_scheme":"default"}},"rich_text_CwnaVd":{"type":"rich-text","blocks":{"subheading_tnBxnj":{"type":"subheading","settings":{"subheading":"OUR CUSTOMERS LOVE US"}},"heading_MG7DGY":{"type":"heading","settings":{"title":"“Junéa exceeds all expectations! I feel elegant and sophisticated wearing their pieces.”","use_h1":false}},"text_88CyJd":{"type":"text","settings":{"text":"<h5>@juneajewellery<\/h5>","enlarge_text":true}},"image_T4hkzq":{"type":"image","disabled":true,"settings":{"image":"shopify:\/\/shop_images\/Icon_Logo_Junea.svg","image_width":60,"url":""}}},"block_order":["subheading_tnBxnj","heading_MG7DGY","text_88CyJd","image_T4hkzq"],"settings":{"height":"medium","text_alignment":"center","full_width":false,"color_scheme":"default"}},"1741789709e5ae4185":{"type":"apps","blocks":{"essential_grid_gallery_app_block_hKmA4R":{"type":"shopify:\/\/apps\/essential-grid-gallery\/blocks\/app-block\/b252af1e-c43a-4272-b19c-e87bc447c686","settings":{"eg_grid_metakey":1,"eg_grid_dynamic_metakey":"","eg_grid_heading":"","eg_grid_sub_heading":"","eg_grid_heading_size":30,"eg_grid_sub_heading_size":15,"eg_grid_heading_alignment":"center","eg_grid_sec_back_color":"","eg_grid_sec_front_color":"","eg_grid_sec_sub_heading_color":"","eg_grid_sec_pad_top":0,"eg_grid_sec_pad_bot":0}}},"block_order":["essential_grid_gallery_app_block_hKmA4R"],"settings":{"full_width":false,"show_space":true}}},"order":["16359276425da8ce46","gallery_Yrhjdy","16359278676808bea5","custom_liquid_p7YHGc","image_with_text_overlay_kpz3xT","1635927863703110df","rich_text_CwnaVd","1741789709e5ae4185"]}