{"sections":{"image_with_text_overlay_bhETDj":{"type":"image-with-text-overlay","blocks":{"heading_aPnE8U":{"type":"heading","settings":{"title":"We’d love to hear from you","heading_max_width":15,"title_size":84,"title_size_mobile":32,"use_h1":false}}},"block_order":["heading_aPnE8U"],"settings":{"image":"shopify:\/\/shop_images\/juneajewelry1.jpg","height":"fixed","height_desktop":400,"height_mobile":220,"image_link":"","full_width":true,"text_alignment":"center center","mobile_overlay_under":false,"overlay_style":"full image-overlay--bg-shadow"}},"rich_text_Tjne8d":{"type":"rich-text","blocks":{"text_GbdYLe":{"type":"text","settings":{"text":"<p>The Junéa Team is happy to help! Send an email to info@juneajewellery.com or fill out the contact form below, and we’ll assist you as soon as possible.<\/p><p>Our response time is approximately one business day.<\/p>","enlarge_text":true}}},"block_order":["text_GbdYLe"],"settings":{"height":"medium","text_alignment":"center","full_width":false,"color_scheme":"default"}},"main":{"type":"main-contact","blocks":{"name":{"type":"name_input","settings":{"half_width":true}},"email":{"type":"email_input","settings":{"half_width":true}},"message":{"type":"message_input","settings":{"half_width":false}}},"block_order":["name","email","message"],"settings":{"show_page_title":false,"use_columns":true,"contact_title":"","contact_text":""}}},"order":["image_with_text_overlay_bhETDj","rich_text_Tjne8d","main"]}