{"sections":{"image_with_text_overlay_TphAMP":{"type":"image-with-text-overlay","blocks":{"subheading_TnRGyL":{"type":"subheading","settings":{}},"heading_fYVzid":{"type":"heading","settings":{"title":"Product story","heading_max_width":40,"title_size":70,"title_size_mobile":40,"use_h1":false}},"text_tmWpaX":{"type":"text","settings":{"enlarge_text":false}}},"block_order":["subheading_TnRGyL","heading_fYVzid","text_tmWpaX"],"settings":{"height":"fixed","height_desktop":560,"height_mobile":440,"image_link":"","full_width":true,"text_alignment":"center center","mobile_overlay_under":false,"overlay_style":"box"}},"gallery_yn4dTc":{"type":"gallery","blocks":{"media_ANgnmT":{"type":"media","settings":{"image":"","enlarge_media":false,"subheading":"","title":"","button_label":"","link":"","text_alignment":"bottom left"}},"media_QFdm78":{"type":"media","settings":{"image":"","enlarge_media":true,"subheading":"","title":"","button_label":"","link":"","text_alignment":"bottom left"}},"media_WAtLh9":{"type":"media","settings":{"image":"","enlarge_media":false,"subheading":"","title":"","button_label":"","link":"","text_alignment":"bottom left"}}},"block_order":["media_ANgnmT","media_QFdm78","media_WAtLh9"],"settings":{"grid_desktop":3,"grid_mobile":"1","height":"fixed","desktop_image_height":600,"mobile_image_height":450,"title_size":30,"title_size_mobile":22,"enable_margin":true,"enable_row_spacing":true,"full_width":false,"color_scheme":"default","enable_carousel":true,"overlay_style":"no_background","button_style":"primary"}},"scrolling_banner_WbTgxH":{"type":"scrolling-banner","blocks":{"text_dBUpAq":{"type":"text","settings":{}}},"block_order":["text_dBUpAq"],"settings":{}},"main":{"type":"main-product","blocks":{"vendor":{"type":"vendor","settings":{}},"title":{"type":"title","settings":{}},"price":{"type":"price","settings":{"show_tax_and_shipping":false,"enable_product_reviews_by_price":true}},"divider":{"type":"divider","settings":{"show_in_quickbuy":true}},"variant_picker":{"type":"variant-picker","settings":{"show_single":true,"selector_style":"dropdown","enable_size_chart":false,"size_chart_variant":"Size","size_chart_page":""}},"5048318b-3d9e-4a57-b9a4-5761293955e9":{"type":"inventory-level","settings":{"show_inventory_notice":"low","show_inventory_count":"low","inventory_threshold":10,"enable_box":false,"enable_pulse":true,"show_in_quickbuy":true}},"buy_buttons":{"type":"buy-buttons","settings":{"show_quantity_selector":false,"enable_payment_button":true,"show_backorder_text":true,"show_pickup_availability":true,"show_gift_card_recipient":false}},"description":{"type":"description","settings":{"show_in_tab":false,"open_tab":false,"icon":"","show_in_quickbuy":false}},"ff72739d-90fa-44b3-896f-ca72e4704c77":{"type":"accordion","settings":{"icon":"","page":"","open":false,"show_in_quickbuy":false}},"ae5c0b7e-ed16-49ec-a868-6b6e2ba54cc3":{"type":"related-products","settings":{"title":"Related products"}}},"block_order":["vendor","title","price","divider","variant_picker","5048318b-3d9e-4a57-b9a4-5761293955e9","buy_buttons","description","ff72739d-90fa-44b3-896f-ca72e4704c77","ae5c0b7e-ed16-49ec-a868-6b6e2ba54cc3"],"settings":{"show_breadcrumbs":false,"show_location_underneath":false,"inventory_transfers_enable":true,"enable_sticky_columns":true,"gallery_size":"large","gallery_layout":"collage-1","enable_zoom":true,"show_alt_text":false,"alt_text_icon":"","enable_video_autoplay":false,"enable_video_looping":false,"enable_media_grouping":true,"media_grouping_option":"Color,Colour,Couleur,Farbe"}},"testimonials_7NkdYL":{"type":"testimonials","blocks":{"testimonial_wFyEry":{"type":"testimonial","settings":{"star_rating":0,"image_caption":"","link":""}}},"block_order":["testimonial_wFyEry"],"settings":{"layout":"image-left","text_caps":false,"quote_text_size":40,"quote_text_size_mobile":28,"image_shape":"natural","color_scheme":"1","autoplay":false,"autoplay_speed":1}},"image_with_text_ditaJh":{"type":"image-with-text","blocks":{"subheading_DwKKyH":{"type":"subheading","settings":{}},"heading_w8PTUK":{"type":"heading","settings":{"use_h1":false}},"text_HnwhPb":{"type":"text","settings":{"enlarge_text":false}}},"block_order":["subheading_DwKKyH","heading_w8PTUK","text_HnwhPb"],"settings":{"image_width":700,"image_link":"","image_position":"right","text_alignment":"left","color_scheme":"2"}},"162746740232cfb342":{"type":"image-with-text","blocks":{"c44e534b-6835-43f4-8d97-1c1cd1144edf":{"type":"heading","settings":{"use_h1":false}},"c28bf048-fe17-41e9-8b7c-0f957bf081f3":{"type":"text","settings":{"enlarge_text":false}},"button_7h4XrJ":{"type":"button","settings":{"button_style":"primary"}},"subheading_iGR97U":{"type":"subheading","settings":{}}},"block_order":["c44e534b-6835-43f4-8d97-1c1cd1144edf","c28bf048-fe17-41e9-8b7c-0f957bf081f3","button_7h4XrJ","subheading_iGR97U"],"settings":{"image_width":700,"image_link":"","image_position":"left","text_alignment":"left","color_scheme":"default"}},"recommendations":{"type":"related-products","settings":{"title":"You may also like","show_vendor":false,"grid":4}},"gallery_7wNYHQ":{"type":"gallery","blocks":{"media_Et3EXL":{"type":"media","settings":{"enlarge_media":false,"subheading":"","title":"","button_label":"","link":"","text_alignment":"bottom left"}},"media_x7HxQe":{"type":"media","settings":{"enlarge_media":false,"subheading":"","title":"","button_label":"","link":"","text_alignment":"bottom left"}},"media_PkDyKW":{"type":"media","settings":{"enlarge_media":false,"subheading":"","title":"","button_label":"","link":"","text_alignment":"bottom left"}}},"block_order":["media_Et3EXL","media_x7HxQe","media_PkDyKW"],"settings":{"grid_desktop":3,"grid_mobile":"1","height":"fixed","desktop_image_height":480,"mobile_image_height":440,"title_size":30,"title_size_mobile":22,"enable_margin":true,"enable_row_spacing":true,"full_width":false,"color_scheme":"default","enable_carousel":true,"overlay_style":"no_background","button_style":"primary"}},"product_template_product_list_cBV9Cy":{"type":"product-template-product-list","settings":{"title":"More from the designer","product_list":[],"hide_if_empty":true,"show_vendor":true,"enable_carousel":false,"grid":4,"color_scheme":"default","full_width":true}}},"order":["image_with_text_overlay_TphAMP","gallery_yn4dTc","scrolling_banner_WbTgxH","main","testimonials_7NkdYL","image_with_text_ditaJh","162746740232cfb342","recommendations","gallery_7wNYHQ","product_template_product_list_cBV9Cy"]}