{"sections":{"main":{"type":"main-product","blocks":{"title":{"type":"title","settings":{}},"price":{"type":"price","settings":{"show_tax_and_shipping":false,"enable_product_reviews_by_price":true}},"custom_liquid_87wnbk":{"type":"custom-liquid","settings":{"custom_liquid":"<div class=\"product-info__block-item\" data-block-type=\"liquid\" bis_skin_checked=\"1\"><div class=\"liquid\" bis_skin_checked=\"1\"><style>\n  .selling-points {\n    list-style: none;\n    padding: 0;\n    margin: 0;\n    max-width: 600px; \/* Prevents excessive stretching *\/\n  }\n\n  .selling-points li {\n    display: flex;\n    align-items: flex-start; \/* Aligns the bullet point with the top of the text *\/\n    gap: 10px; \/* Space between the icon and text *\/\n    margin-bottom: 12px;\n  }\n\n  .selling-points svg {\n    flex-shrink: 0;\n    width: 20px;\n    height: 20px;\n    margin-top: 4px; \/* Ensures alignment with text *\/\n  }\n\n  .selling-points .text-container {\n    display: flex;\n    flex-direction: column; \/* Ensures text stays aligned *\/\n    flex: 1;\n  }\n\n  .selling-points strong {\n    font-weight: bold;\n    display: inline-block; \/* Ensures it stays on the same line *\/\n  }\n\n  \/* Ensure Free Shipping & Easy Returns stay together *\/\n  .free-shipping {\n    display: flex;\n    flex-wrap: nowrap;\n  }\n\n  \/* Mobile optimization *\/\n  @media screen and (max-width: 768px) {\n    .selling-points {\n      max-width: 100%; \/* Makes it full width on mobile *\/\n    }\n    .selling-points li {\n      flex-direction: row;\n      align-items: flex-start;\n    }\n    .selling-points .text-container {\n      flex-wrap: wrap;\n      white-space: normal;\n    }\n    .free-shipping {\n      flex-wrap: wrap;\n    }\n  }\n<\/style>\n\n<ul class=\"selling-points\">\n    <li>\n        <svg width=\"20\" height=\"20\" viewBox=\"0 0 24 24\" xmlns=\"http:\/\/www.w3.org\/2000\/svg\" fill=\"none\">\n            <circle cx=\"12\" cy=\"12\" r=\"10\" fill=\"#282424\" stroke=\"#282424\" stroke-width=\"2\"><\/circle>\n            <path d=\"M8 13L10.5 15.5L16 10\" stroke=\"white\" stroke-linecap=\"round\" stroke-linejoin=\"round\" stroke-width=\"2\"><\/path>\n        <\/svg>                 \n        <div class=\"text-container\" bis_skin_checked=\"1\">\n            <strong>100% Waterproof &amp; Sweat-Resistant<\/strong> \n        <\/div>\n    <\/li>\n\n    <li>\n        <svg width=\"20\" height=\"20\" viewBox=\"0 0 24 24\" xmlns=\"http:\/\/www.w3.org\/2000\/svg\" fill=\"none\">\n            <circle cx=\"12\" cy=\"12\" r=\"10\" fill=\"#282424\" stroke=\"#282424\" stroke-width=\"2\"><\/circle>\n            <path d=\"M8 13L10.5 15.5L16 10\" stroke=\"white\" stroke-linecap=\"round\" stroke-linejoin=\"round\" stroke-width=\"2\"><\/path>\n        <\/svg>                 \n        <div class=\"text-container\" bis_skin_checked=\"1\">\n            <strong>14-Day Easy Returns<\/strong> \n        <\/div>\n    <\/li>\n\n    <li>\n        <svg width=\"20\" height=\"20\" viewBox=\"0 0 24 24\" xmlns=\"http:\/\/www.w3.org\/2000\/svg\" fill=\"none\">\n            <circle cx=\"12\" cy=\"12\" r=\"10\" fill=\"#282424\" stroke=\"#282424\" stroke-width=\"2\"><\/circle>\n            <path d=\"M8 13L10.5 15.5L16 10\" stroke=\"white\" stroke-linecap=\"round\" stroke-linejoin=\"round\" stroke-width=\"2\"><\/path>\n        <\/svg>                 \n        <div class=\"text-container\" bis_skin_checked=\"1\">\n            <strong>Eco-friendly &amp; Gift-Ready Packaging<\/strong> \n        <\/div>\n    <\/li>\n\n    <li>\n\n<\/ul><\/div><\/div>","show_in_quickbuy":false}},"variant-picker":{"type":"variant-picker","settings":{"show_single":false,"selector_style":"listed","dynamic_availability":"show","enable_size_chart":false,"size_chart_label":"Size guide","size_chart_variant":"Size","size_chart_page":""}},"custom_liquid_aECCDn":{"type":"custom-liquid","settings":{"custom_liquid":"{% if product.available %}\n\n  <div class=\"instock-pulse\">\n    <span class=\"icon--pulsing\"><\/span>\n    <span class=\"instock-text\">In stock - Ready to ship (free shipping)<\/span>\n  <\/div>\n\n  <style>\n\n    .instock-pulse {\n      display: flex;\n      flex-wrap: nowrap;\n      align-items: center;\n margin-bottom: -20px;\n    }\n\n    .icon--pulsing {\n      position: relative;\n      width: 20px;\n      height: 20px;\n      margin-right: 5px;\nmargin-bottom: 1px;\n    }\n\n    .icon--pulsing:after, \n    .icon--pulsing:before {\n        background: #32CD32; \/* Brighter green *\/\n        width: 10px;\n        height: 10px;\n        border-radius: 10px;\n        position: absolute;\n        left: 0;\n        top: 0;\n        content: \"\";\n        margin: 5px;\n    }\n\n    @keyframes inventory-pulse{\n      0%{\n        opacity:0.5;\n      }\n      to{\n        transform:scale(2);\n        opacity:0;\n      }\n    }\n\n    .icon--pulsing:before {\n        animation: inventory-pulse 1.5s linear infinite;\n    }\n\n    \/* Text Styling *\/\n    .instock-text {\n      font-weight: bold; \/* Make text bold *\/\n      color: #32CD32; \/* Brighter green *\/\n    }\n\n  <\/style>\n\n{% endif %}","show_in_quickbuy":false}},"buy-buttons":{"type":"buy-buttons","settings":{"show_quantity_selector":false,"enable_payment_button":false,"show_backorder_text":false,"show_pickup_availability":true,"show_gift_card_recipient":false}},"custom_liquid_jqUyad":{"type":"custom-liquid","settings":{"custom_liquid":"<p style=\"text-align: center; font-size: 12px; color: #000; margin-top: -20px !important;\">\n  Free Tracked Shipping in Australia \n<\/p>","show_in_quickbuy":false}},"custom_liquid_f4JgN9":{"type":"custom-liquid","settings":{"custom_liquid":"<div class=\"product-info__block-item\" data-block-type=\"image\" bis_skin_checked=\"1\">\n               <div class=\"payment-methods\" bis_skin_checked=\"1\">\n               <svg xmlns=\"http:\/\/www.w3.org\/2000\/svg\" role=\"img\" aria-labelledby=\"pi-american_express\" viewBox=\"0 0 38 24\" width=\"38\" height=\"24\"><title id=\"pi-american_express\">American Express<\/title>\n<path fill=\"#000\" d=\"M35 0H3C1.3 0 0 1.3 0 3v18c0 1.7 1.4 3 3 3h32c1.7 0 3-1.3 3-3V3c0-1.7-1.4-3-3-3Z\" opacity=\".07\"><\/path><path fill=\"#006FCF\" d=\"M35 1c1.1 0 2 .9 2 2v18c0 1.1-.9 2-2 2H3c-1.1 0-2-.9-2-2V3c0-1.1.9-2 2-2h32Z\"><\/path><path fill=\"#FFF\" d=\"M22.012 19.936v-8.421L37 11.528v2.326l-1.732 1.852L37 17.573v2.375h-2.766l-1.47-1.622-1.46 1.628-9.292-.02Z\"><\/path><path fill=\"#006FCF\" d=\"M23.013 19.012v-6.57h5.572v1.513h-3.768v1.028h3.678v1.488h-3.678v1.01h3.768v1.531h-5.572Z\"><\/path><path fill=\"#006FCF\" d=\"m28.557 19.012 3.083-3.289-3.083-3.282h2.386l1.884 2.083 1.89-2.082H37v.051l-3.017 3.23L37 18.92v.093h-2.307l-1.917-2.103-1.898 2.104h-2.321Z\"><\/path><path fill=\"#FFF\" d=\"M22.71 4.04h3.614l1.269 2.881V4.04h4.46l.77 2.159.771-2.159H37v8.421H19l3.71-8.421Z\"><\/path><path fill=\"#006FCF\" d=\"m23.395 4.955-2.916 6.566h2l.55-1.315h2.98l.55 1.315h2.05l-2.904-6.566h-2.31Zm.25 3.777.875-2.09.873 2.09h-1.748Z\"><\/path><path fill=\"#006FCF\" d=\"M28.581 11.52V4.953l2.811.01L32.84 9l1.456-4.046H37v6.565l-1.74.016v-4.51l-1.644 4.494h-1.59L30.35 7.01v4.51h-1.768Z\"><\/path><\/svg>\n<svg version=\"1.1\" xmlns=\"http:\/\/www.w3.org\/2000\/svg\" role=\"img\" x=\"0\" y=\"0\" width=\"38\" height=\"24\" viewBox=\"0 0 165.521 105.965\" aria-labelledby=\"pi-apple_pay\" xml:space=\"preserve\"><title id=\"pi-apple_pay\">Apple Pay<\/title>\n<path fill=\"#000\" d=\"M150.698 0H14.823c-.566 0-1.133 0-1.698.003-.477.004-.953.009-1.43.022-1.039.028-2.087.09-3.113.274a10.51 10.51 0 0 0-2.958.975 9.932 9.932 0 0 0-4.35 4.35 10.463 10.463 0 0 0-.975 2.96C.113 9.611.052 10.658.024 11.696a70.22 70.22 0 0 0-.022 1.43C0 13.69 0 14.256 0 14.823v76.318c0 .567 0 1.132.002 1.699.003.476.009.953.022 1.43.028 1.036.09 2.084.275 3.11a10.46 10.46 0 0 0 .974 2.96 9.897 9.897 0 0 0 1.83 2.52 9.874 9.874 0 0 0 2.52 1.83c.947.483 1.917.79 2.96.977 1.025.183 2.073.245 3.112.273.477.011.953.017 1.43.02.565.004 1.132.004 1.698.004h135.875c.565 0 1.132 0 1.697-.004.476-.002.952-.009 1.431-.02 1.037-.028 2.085-.09 3.113-.273a10.478 10.478 0 0 0 2.958-.977 9.955 9.955 0 0 0 4.35-4.35c.483-.947.789-1.917.974-2.96.186-1.026.246-2.074.274-3.11.013-.477.02-.954.022-1.43.004-.567.004-1.132.004-1.699V14.824c0-.567 0-1.133-.004-1.699a63.067 63.067 0 0 0-.022-1.429c-.028-1.038-.088-2.085-.274-3.112a10.4 10.4 0 0 0-.974-2.96 9.94 9.94 0 0 0-4.35-4.35A10.52 10.52 0 0 0 156.939.3c-1.028-.185-2.076-.246-3.113-.274a71.417 71.417 0 0 0-1.431-.022C151.83 0 151.263 0 150.698 0z\"><\/path><path fill=\"#FFF\" d=\"M150.698 3.532l1.672.003c.452.003.905.008 1.36.02.793.022 1.719.065 2.583.22.75.135 1.38.34 1.984.648a6.392 6.392 0 0 1 2.804 2.807c.306.6.51 1.226.645 1.983.154.854.197 1.783.218 2.58.013.45.019.9.02 1.36.005.557.005 1.113.005 1.671v76.318c0 .558 0 1.114-.004 1.682-.002.45-.008.9-.02 1.35-.022.796-.065 1.725-.221 2.589a6.855 6.855 0 0 1-.645 1.975 6.397 6.397 0 0 1-2.808 2.807c-.6.306-1.228.511-1.971.645-.881.157-1.847.2-2.574.22-.457.01-.912.017-1.379.019-.555.004-1.113.004-1.669.004H14.801c-.55 0-1.1 0-1.66-.004a74.993 74.993 0 0 1-1.35-.018c-.744-.02-1.71-.064-2.584-.22a6.938 6.938 0 0 1-1.986-.65 6.337 6.337 0 0 1-1.622-1.18 6.355 6.355 0 0 1-1.178-1.623 6.935 6.935 0 0 1-.646-1.985c-.156-.863-.2-1.788-.22-2.578a66.088 66.088 0 0 1-.02-1.355l-.003-1.327V14.474l.002-1.325a66.7 66.7 0 0 1 .02-1.357c.022-.792.065-1.717.222-2.587a6.924 6.924 0 0 1 .646-1.981c.304-.598.7-1.144 1.18-1.623a6.386 6.386 0 0 1 1.624-1.18 6.96 6.96 0 0 1 1.98-.646c.865-.155 1.792-.198 2.586-.22.452-.012.905-.017 1.354-.02l1.677-.003h135.875\"><\/path><g><g><path fill=\"#000\" d=\"M43.508 35.77c1.404-1.755 2.356-4.112 2.105-6.52-2.054.102-4.56 1.355-6.012 3.112-1.303 1.504-2.456 3.959-2.156 6.266 2.306.2 4.61-1.152 6.063-2.858\"><\/path><path fill=\"#000\" d=\"M45.587 39.079c-3.35-.2-6.196 1.9-7.795 1.9-1.6 0-4.049-1.8-6.698-1.751-3.447.05-6.645 2-8.395 5.1-3.598 6.2-.95 15.4 2.55 20.45 1.699 2.5 3.747 5.25 6.445 5.151 2.55-.1 3.549-1.65 6.647-1.65 3.097 0 3.997 1.65 6.696 1.6 2.798-.05 4.548-2.5 6.247-5 1.95-2.85 2.747-5.6 2.797-5.75-.05-.05-5.396-2.101-5.446-8.251-.05-5.15 4.198-7.6 4.398-7.751-2.399-3.548-6.147-3.948-7.447-4.048\"><\/path><\/g><g><path fill=\"#000\" d=\"M78.973 32.11c7.278 0 12.347 5.017 12.347 12.321 0 7.33-5.173 12.373-12.529 12.373h-8.058V69.62h-5.822V32.11h14.062zm-8.24 19.807h6.68c5.07 0 7.954-2.729 7.954-7.46 0-4.73-2.885-7.434-7.928-7.434h-6.706v14.894z\"><\/path><path fill=\"#000\" d=\"M92.764 61.847c0-4.809 3.665-7.564 10.423-7.98l7.252-.442v-2.08c0-3.04-2.001-4.704-5.562-4.704-2.938 0-5.07 1.507-5.51 3.82h-5.252c.157-4.86 4.731-8.395 10.918-8.395 6.654 0 10.995 3.483 10.995 8.89v18.663h-5.38v-4.497h-.13c-1.534 2.937-4.914 4.782-8.579 4.782-5.406 0-9.175-3.222-9.175-8.057zm17.675-2.417v-2.106l-6.472.416c-3.64.234-5.536 1.585-5.536 3.95 0 2.288 1.975 3.77 5.068 3.77 3.95 0 6.94-2.522 6.94-6.03z\"><\/path><path fill=\"#000\" d=\"M120.975 79.652v-4.496c.364.051 1.247.103 1.715.103 2.573 0 4.029-1.09 4.913-3.899l.52-1.663-9.852-27.293h6.082l6.863 22.146h.13l6.862-22.146h5.927l-10.216 28.67c-2.34 6.577-5.017 8.735-10.683 8.735-.442 0-1.872-.052-2.261-.157z\"><\/path><\/g><\/g><\/svg>\n<svg class=\"section-footer__payment-icon\" xmlns=\"http:\/\/www.w3.org\/2000\/svg\" role=\"img\" viewBox=\"0 0 38 24\" width=\"38\" height=\"24\" aria-labelledby=\"pi-google_pay\"><title id=\"pi-google_pay\">Google Pay<\/title><path d=\"M35 0H3C1.3 0 0 1.3 0 3v18c0 1.7 1.4 3 3 3h32c1.7 0 3-1.3 3-3V3c0-1.7-1.4-3-3-3z\" fill=\"#000\" opacity=\".07\"><\/path><path d=\"M35 1c1.1 0 2 .9 2 2v18c0 1.1-.9 2-2 2H3c-1.1 0-2-.9-2-2V3c0-1.1.9-2 2-2h32\" fill=\"#FFF\"><\/path><path d=\"M18.093 11.976v3.2h-1.018v-7.9h2.691a2.447 2.447 0 0 1 1.747.692 2.28 2.28 0 0 1 .11 3.224l-.11.116c-.47.447-1.098.69-1.747.674l-1.673-.006zm0-3.732v2.788h1.698c.377.012.741-.135 1.005-.404a1.391 1.391 0 0 0-1.005-2.354l-1.698-.03zm6.484 1.348c.65-.03 1.286.188 1.778.613.445.43.682 1.03.65 1.649v3.334h-.969v-.766h-.049a1.93 1.93 0 0 1-1.673.931 2.17 2.17 0 0 1-1.496-.533 1.667 1.667 0 0 1-.613-1.324 1.606 1.606 0 0 1 .613-1.336 2.746 2.746 0 0 1 1.698-.515c.517-.02 1.03.093 1.49.331v-.208a1.134 1.134 0 0 0-.417-.901 1.416 1.416 0 0 0-.98-.368 1.545 1.545 0 0 0-1.319.717l-.895-.564a2.488 2.488 0 0 1 2.182-1.06zM23.29 13.52a.79.79 0 0 0 .337.662c.223.176.5.269.785.263.429-.001.84-.17 1.146-.472.305-.286.478-.685.478-1.103a2.047 2.047 0 0 0-1.324-.374 1.716 1.716 0 0 0-1.03.294.883.883 0 0 0-.392.73zm9.286-3.75l-3.39 7.79h-1.048l1.281-2.728-2.224-5.062h1.103l1.612 3.885 1.569-3.885h1.097z\" fill=\"#5F6368\"><\/path><path d=\"M13.986 11.284c0-.308-.024-.616-.073-.92h-4.29v1.747h2.451a2.096 2.096 0 0 1-.9 1.373v1.134h1.464a4.433 4.433 0 0 0 1.348-3.334z\" fill=\"#4285F4\"><\/path><path d=\"M9.629 15.721a4.352 4.352 0 0 0 3.01-1.097l-1.466-1.14a2.752 2.752 0 0 1-4.094-1.44H5.577v1.17a4.53 4.53 0 0 0 4.052 2.507z\" fill=\"#34A853\"><\/path><path d=\"M7.079 12.05a2.709 2.709 0 0 1 0-1.735v-1.17H5.577a4.505 4.505 0 0 0 0 4.075l1.502-1.17z\" fill=\"#FBBC04\"><\/path><path d=\"M9.629 8.44a2.452 2.452 0 0 1 1.74.68l1.3-1.293a4.37 4.37 0 0 0-3.065-1.183 4.53 4.53 0 0 0-4.027 2.5l1.502 1.171a2.715 2.715 0 0 1 2.55-1.875z\" fill=\"#EA4335\"><\/path><\/svg>\n<svg class=\"section-footer__payment-icon\" viewBox=\"0 0 38 24\" xmlns=\"http:\/\/www.w3.org\/2000\/svg\" width=\"38\" height=\"24\" role=\"img\" aria-labelledby=\"pi-maestro\"><title id=\"pi-maestro\">Maestro<\/title><path opacity=\".07\" d=\"M35 0H3C1.3 0 0 1.3 0 3v18c0 1.7 1.4 3 3 3h32c1.7 0 3-1.3 3-3V3c0-1.7-1.4-3-3-3z\"><\/path><path fill=\"#fff\" d=\"M35 1c1.1 0 2 .9 2 2v18c0 1.1-.9 2-2 2H3c-1.1 0-2-.9-2-2V3c0-1.1.9-2 2-2h32\"><\/path><circle fill=\"#EB001B\" cx=\"15\" cy=\"12\" r=\"7\"><\/circle><circle fill=\"#00A2E5\" cx=\"23\" cy=\"12\" r=\"7\"><\/circle><path fill=\"#7375CF\" d=\"M22 12c0-2.4-1.2-4.5-3-5.7-1.8 1.3-3 3.4-3 5.7s1.2 4.5 3 5.7c1.8-1.2 3-3.3 3-5.7z\"><\/path><\/svg>\n\n<svg viewBox=\"0 0 38 24\" xmlns=\"http:\/\/www.w3.org\/2000\/svg\" role=\"img\" width=\"38\" height=\"24\" aria-labelledby=\"pi-master\"><title id=\"pi-master\">Mastercard<\/title>\n<path opacity=\".07\" d=\"M35 0H3C1.3 0 0 1.3 0 3v18c0 1.7 1.4 3 3 3h32c1.7 0 3-1.3 3-3V3c0-1.7-1.4-3-3-3z\"><\/path><path fill=\"#fff\" d=\"M35 1c1.1 0 2 .9 2 2v18c0 1.1-.9 2-2 2H3c-1.1 0-2-.9-2-2V3c0-1.1.9-2 2-2h32\"><\/path><circle fill=\"#EB001B\" cx=\"15\" cy=\"12\" r=\"7\"><\/circle><circle fill=\"#F79E1B\" cx=\"23\" cy=\"12\" r=\"7\"><\/circle><path fill=\"#FF5F00\" d=\"M22 12c0-2.4-1.2-4.5-3-5.7-1.8 1.3-3 3.4-3 5.7s1.2 4.5 3 5.7c1.8-1.2 3-3.3 3-5.7z\"><\/path><\/svg>\n<svg viewBox=\"0 0 38 24\" xmlns=\"http:\/\/www.w3.org\/2000\/svg\" width=\"38\" height=\"24\" role=\"img\" aria-labelledby=\"pi-paypal\"><title id=\"pi-paypal\">PayPal<\/title>\n<path opacity=\".07\" d=\"M35 0H3C1.3 0 0 1.3 0 3v18c0 1.7 1.4 3 3 3h32c1.7 0 3-1.3 3-3V3c0-1.7-1.4-3-3-3z\"><\/path><path fill=\"#fff\" d=\"M35 1c1.1 0 2 .9 2 2v18c0 1.1-.9 2-2 2H3c-1.1 0-2-.9-2-2V3c0-1.1.9-2 2-2h32\"><\/path><path fill=\"#003087\" d=\"M23.9 8.3c.2-1 0-1.7-.6-2.3-.6-.7-1.7-1-3.1-1h-4.1c-.3 0-.5.2-.6.5L14 15.6c0 .2.1.4.3.4H17l.4-3.4 1.8-2.2 4.7-2.1z\"><\/path><path fill=\"#3086C8\" d=\"M23.9 8.3l-.2.2c-.5 2.8-2.2 3.8-4.6 3.8H18c-.3 0-.5.2-.6.5l-.6 3.9-.2 1c0 .2.1.4.3.4H19c.3 0 .5-.2.5-.4v-.1l.4-2.4v-.1c0-.2.3-.4.5-.4h.3c2.1 0 3.7-.8 4.1-3.2.2-1 .1-1.8-.4-2.4-.1-.5-.3-.7-.5-.8z\"><\/path><path fill=\"#012169\" d=\"M23.3 8.1c-.1-.1-.2-.1-.3-.1-.1 0-.2 0-.3-.1-.3-.1-.7-.1-1.1-.1h-3c-.1 0-.2 0-.2.1-.2.1-.3.2-.3.4l-.7 4.4v.1c0-.3.3-.5.6-.5h1.3c2.5 0 4.1-1 4.6-3.8v-.2c-.1-.1-.3-.2-.5-.2h-.1z\"><\/path><\/svg>\n<svg xmlns=\"http:\/\/www.w3.org\/2000\/svg\" role=\"img\" viewBox=\"0 0 38 24\" width=\"38\" height=\"24\" aria-labelledby=\"pi-shopify_pay\"><title id=\"pi-shopify_pay\">Shop Pay<\/title>\n<path opacity=\".07\" d=\"M35 0H3C1.3 0 0 1.3 0 3v18c0 1.7 1.4 3 3 3h32c1.7 0 3-1.3 3-3V3c0-1.7-1.4-3-3-3z\" fill=\"#000\"><\/path><path d=\"M35.889 0C37.05 0 38 .982 38 2.182v19.636c0 1.2-.95 2.182-2.111 2.182H2.11C.95 24 0 23.018 0 21.818V2.182C0 .982.95 0 2.111 0H35.89z\" fill=\"#5A31F4\"><\/path><path d=\"M9.35 11.368c-1.017-.223-1.47-.31-1.47-.705 0-.372.306-.558.92-.558.54 0 .934.238 1.225.704a.079.079 0 00.104.03l1.146-.584a.082.082 0 00.032-.114c-.475-.831-1.353-1.286-2.51-1.286-1.52 0-2.464.755-2.464 1.956 0 1.275 1.15 1.597 2.17 1.82 1.02.222 1.474.31 1.474.705 0 .396-.332.582-.993.582-.612 0-1.065-.282-1.34-.83a.08.08 0 00-.107-.035l-1.143.57a.083.083 0 00-.036.111c.454.92 1.384 1.437 2.627 1.437 1.583 0 2.539-.742 2.539-1.98s-1.155-1.598-2.173-1.82v-.003zM15.49 8.855c-.65 0-1.224.232-1.636.646a.04.04 0 01-.069-.03v-2.64a.08.08 0 00-.08-.081H12.27a.08.08 0 00-.08.082v8.194a.08.08 0 00.08.082h1.433a.08.08 0 00.081-.082v-3.594c0-.695.528-1.227 1.239-1.227.71 0 1.226.521 1.226 1.227v3.594a.08.08 0 00.081.082h1.433a.08.08 0 00.081-.082v-3.594c0-1.51-.981-2.577-2.355-2.577zM20.753 8.62c-.778 0-1.507.24-2.03.588a.082.082 0 00-.027.109l.632 1.088a.08.08 0 00.11.03 2.5 2.5 0 011.318-.366c1.25 0 2.17.891 2.17 2.068 0 1.003-.736 1.745-1.669 1.745-.76 0-1.288-.446-1.288-1.077 0-.361.152-.657.548-.866a.08.08 0 00.032-.113l-.596-1.018a.08.08 0 00-.098-.035c-.799.299-1.359 1.018-1.359 1.984 0 1.46 1.152 2.55 2.76 2.55 1.877 0 3.227-1.313 3.227-3.195 0-2.018-1.57-3.492-3.73-3.492zM28.675 8.843c-.724 0-1.373.27-1.845.746-.026.027-.069.007-.069-.029v-.572a.08.08 0 00-.08-.082h-1.397a.08.08 0 00-.08.082v8.182a.08.08 0 00.08.081h1.433a.08.08 0 00.081-.081v-2.683c0-.036.043-.054.069-.03a2.6 2.6 0 001.808.7c1.682 0 2.993-1.373 2.993-3.157s-1.313-3.157-2.993-3.157zm-.271 4.929c-.956 0-1.681-.768-1.681-1.783s.723-1.783 1.681-1.783c.958 0 1.68.755 1.68 1.783 0 1.027-.713 1.783-1.681 1.783h.001z\" fill=\"#fff\"><\/path><\/svg>\n<svg viewBox=\"0 0 38 24\" xmlns=\"http:\/\/www.w3.org\/2000\/svg\" role=\"img\" width=\"38\" height=\"24\" aria-labelledby=\"pi-visa\"><title id=\"pi-visa\">Visa<\/title>\n<path opacity=\".07\" d=\"M35 0H3C1.3 0 0 1.3 0 3v18c0 1.7 1.4 3 3 3h32c1.7 0 3-1.3 3-3V3c0-1.7-1.4-3-3-3z\"><\/path><path fill=\"#fff\" d=\"M35 1c1.1 0 2 .9 2 2v18c0 1.1-.9 2-2 2H3c-1.1 0-2-.9-2-2V3c0-1.1.9-2 2-2h32\"><\/path><path d=\"M28.3 10.1H28c-.4 1-.7 1.5-1 3h1.9c-.3-1.5-.3-2.2-.6-3zm2.9 5.9h-1.7c-.1 0-.1 0-.2-.1l-.2-.9-.1-.2h-2.4c-.1 0-.2 0-.2.2l-.3.9c0 .1-.1.1-.1.1h-2.1l.2-.5L27 8.7c0-.5.3-.7.8-.7h1.5c.1 0 .2 0 .2.2l1.4 6.5c.1.4.2.7.2 1.1.1.1.1.1.1.2zm-13.4-.3l.4-1.8c.1 0 .2.1.2.1.7.3 1.4.5 2.1.4.2 0 .5-.1.7-.2.5-.2.5-.7.1-1.1-.2-.2-.5-.3-.8-.5-.4-.2-.8-.4-1.1-.7-1.2-1-.8-2.4-.1-3.1.6-.4.9-.8 1.7-.8 1.2 0 2.5 0 3.1.2h.1c-.1.6-.2 1.1-.4 1.7-.5-.2-1-.4-1.5-.4-.3 0-.6 0-.9.1-.2 0-.3.1-.4.2-.2.2-.2.5 0 .7l.5.4c.4.2.8.4 1.1.6.5.3 1 .8 1.1 1.4.2.9-.1 1.7-.9 2.3-.5.4-.7.6-1.4.6-1.4 0-2.5.1-3.4-.2-.1.2-.1.2-.2.1zm-3.5.3c.1-.7.1-.7.2-1 .5-2.2 1-4.5 1.4-6.7.1-.2.1-.3.3-.3H18c-.2 1.2-.4 2.1-.7 3.2-.3 1.5-.6 3-1 4.5 0 .2-.1.2-.3.2M5 8.2c0-.1.2-.2.3-.2h3.4c.5 0 .9.3 1 .8l.9 4.4c0 .1 0 .1.1.2 0-.1.1-.1.1-.1l2.1-5.1c-.1-.1 0-.2.1-.2h2.1c0 .1 0 .1-.1.2l-3.1 7.3c-.1.2-.1.3-.2.4-.1.1-.3 0-.5 0H9.7c-.1 0-.2 0-.2-.2L7.9 9.5c-.2-.2-.5-.5-.9-.6-.6-.3-1.7-.5-1.9-.5L5 8.2z\" fill=\"#142688\"><\/path><\/svg>\n               <\/div>\n            \n<\/div>\n<style>\n.payment-methods {\nmargin-top: -0px;\n   display: flex; \/* Required for justify-content and gap *\/\n   justify-content: space-between;\n   gap: 0px;\n<\/style>","show_in_quickbuy":false}},"image_jnKLUV":{"type":"image","settings":{"image":"shopify:\/\/shop_images\/Frame_10_1.png","image_width":700,"url":"","open_in_new_tab":false,"show_in_quickbuy":false}},"accordion_zw9Qtf":{"type":"accordion","disabled":true,"settings":{"title":"Collapsible tab","icon":"","content":"<p>Collapsible tab content<\/p>","page":"","custom_liquid":"","open":false,"show_in_quickbuy":false}},"divider_wQMdKy":{"type":"divider","settings":{"show_in_quickbuy":false}},"description":{"type":"description","settings":{"show_in_tab":false,"open_tab":false,"icon":"","show_in_quickbuy":false}},"accordion_mjRY87":{"type":"accordion","settings":{"title":"Shipping & Returns","icon":"truck","content":"<p>Enjoy <strong>free shipping across Australia on every order!<\/strong> Once you've placed your order, the tracking information will be sent to you by email. <\/p><p>Not satisfied with your order? No worries! We offer a 14-day return policy.<\/p>","page":"","custom_liquid":"","open":false,"show_in_quickbuy":false}},"accordion_4aJHQi":{"type":"accordion","settings":{"title":"About Junéa's Jewellery","icon":"box","content":"<p>Junéa's jewellery is crafted from stainless steel and plated with 18k gold. This means the colour will last for a really long time (at least a few years). It is hypoallergenic, won’t leave a green tint on your skin, and does not tarnish.<\/p><p>You can shower, swim, or exercise while wearing your jewellery.<\/p><p>Our advice is to store your jewellery in the complimentary Junéa pouch to keep it shiny and in perfect condition.<\/p>","page":"","custom_liquid":"","open":false,"show_in_quickbuy":false}}},"block_order":["title","price","custom_liquid_87wnbk","variant-picker","custom_liquid_aECCDn","buy-buttons","custom_liquid_jqUyad","custom_liquid_f4JgN9","image_jnKLUV","accordion_zw9Qtf","divider_wQMdKy","description","accordion_mjRY87","accordion_4aJHQi"],"settings":{"show_breadcrumbs":false,"select_first_variant":true,"show_location_underneath":false,"inventory_transfers_enable":true,"enable_sticky_columns":false,"enable_sticky_atc":true,"sticky_atc_position":"end","sticky_atc_mobile":true,"sticky_atc_behavior":"add_to_cart","sticky_atc_button_style":"secondary","gallery_size":"large","gallery_layout":"carousel-under","enable_zoom":true,"show_alt_text":false,"alt_text_icon":"","enable_video_autoplay":false,"enable_video_looping":false,"enable_media_grouping":false,"media_grouping_option":"Color,Colour,Couleur,Farbe"}},"multi_column_LWFgyN":{"type":"multi-column","blocks":{"text_block_Kde3pq":{"type":"text_block","settings":{"enable_media":true,"image":"shopify:\/\/shop_images\/logistics-delivery.webp","title":"Free Tracked Shipping","text":"<p>Enjoy <strong>free shipping within Australia. <\/strong>Once your package is shipped, you'll receive a tracking number via email.<\/p>","button_label":"","link":""}},"text_block_eaPRnJ":{"type":"text_block","settings":{"enable_media":true,"image":"shopify:\/\/shop_images\/water-drop.webp","title":"Waterproof & Tarnish-Proof","text":"<p>Wear it daily, from the <strong>ocean to the pool<\/strong>, without worrying about damage.<\/p>","button_label":"","link":""}},"text_block_FYm9CP":{"type":"text_block","settings":{"enable_media":true,"image":"shopify:\/\/shop_images\/clean.webp","title":"Gold Plated & Hypoallergenic","text":"<p>Our jewellery is made from stainless steel with gold plating, hypoallergenic and won't leave a green tint on your skin.<\/p>","button_label":"","link":""}},"text_block_aHNe9C":{"type":"text_block","settings":{"enable_media":true,"image":"shopify:\/\/shop_images\/Ontwerp_zonder_titel_15_ca0f7c0b-00e9-4b46-800e-34f42fe2c1ab.png","title":"Free Junéa Pouch","text":"<p>Every order arrives in a <strong>beautiful, ready-to-gift package<\/strong> at no extra cost.<\/p>","button_label":"","link":""}}},"block_order":["text_block_Kde3pq","text_block_eaPRnJ","text_block_FYm9CP","text_block_aHNe9C"],"settings":{"title":"","media_aspect_ratio":"s","media_width":60,"text_alignment":"center","button_style":"primary","color_scheme":"1"}},"related-products":{"type":"related-products","settings":{"title":"Handpicked for you","show_vendor":false,"grid":4}},"featured_collection_dPYXxA":{"type":"featured-collection","disabled":true,"settings":{"title":"","collection":"hot-picks","show_vendor":false,"enable_carousel":false,"grid":4,"rows":1,"color_scheme":"default","show_view_all":false,"full_width":true}},"rich_text_GbrgYN":{"type":"rich-text","blocks":{"subheading_RCKzP9":{"type":"subheading","settings":{"subheading":"Every order arrives in a beautiful, ready-to-gift package at no extra cost."}},"heading_jheeaT":{"type":"heading","settings":{"title":"“Junéa exceeds all expectations! I feel elegant and sophisticated wearing their pieces.”","use_h1":false}},"text_azHkYA":{"type":"text","settings":{"text":"<h5>@juneajewellery<\/h5>","enlarge_text":true}},"image_LMPM4i":{"type":"image","disabled":true,"settings":{"image":"shopify:\/\/shop_images\/Icon_Logo_Junea.svg","image_width":60,"url":""}}},"block_order":["subheading_RCKzP9","heading_jheeaT","text_azHkYA","image_LMPM4i"],"settings":{"height":"medium","text_alignment":"center","full_width":false,"color_scheme":"default"}},"1741815433a93389f9":{"type":"apps","blocks":{"essential_grid_gallery_app_block_9rm6fV":{"type":"shopify:\/\/apps\/essential-grid-gallery\/blocks\/app-block\/b252af1e-c43a-4272-b19c-e87bc447c686","settings":{"eg_grid_metakey":1,"eg_grid_dynamic_metakey":"","eg_grid_heading":"","eg_grid_sub_heading":"","eg_grid_heading_size":30,"eg_grid_sub_heading_size":15,"eg_grid_heading_alignment":"center","eg_grid_sec_back_color":"","eg_grid_sec_front_color":"","eg_grid_sec_sub_heading_color":"","eg_grid_sec_pad_top":0,"eg_grid_sec_pad_bot":0}}},"block_order":["essential_grid_gallery_app_block_9rm6fV"],"settings":{"full_width":false,"show_space":true}}},"order":["main","multi_column_LWFgyN","related-products","featured_collection_dPYXxA","rich_text_GbrgYN","1741815433a93389f9"]}